peak_date,trough_date,peak_value,trough_value,drop_amount,days_in_reversal
2000-09-20,2000-09-26,3874.0,3611.5,262.5,6.0
2000-09-28,2000-10-04,3780.0,3477.5,302.5,6.0
2000-10-05,2000-10-12,3537.0,3024.0,513.0,7.0
2000-10-16,2000-10-18,3334.0,3025.0,309.0,2.0
2000-10-20,2000-10-26,3555.5,3240.0,315.5,6.0
2000-10-27,2000-10-30,3314.0,3062.0,252.0,3.0
2000-11-03,2000-11-13,3387.0,2755.0,632.0,10.0
2000-11-15,2000-11-22,3116.5,2677.5,439.0,7.0
2000-11-27,2000-11-30,2769.0,2589.0,180.0,3.0
2000-12-01,2000-12-04,2683.5,2480.0,203.5,3.0
2000-12-06,2000-12-07,2725.0,2630.0,95.0,1.0
2000-12-11,2000-12-21,2995.0,2390.0,605.0,10.0
2000-12-22,2000-12-26,2474.0,2374.0,100.0,4.0
2000-12-28,2001-01-02,2452.5,2130.5,322.0,5.0
2001-01-04,2001-01-08,2464.5,2328.0,136.5,4.0
2001-01-12,2001-01-16,2617.0,2445.0,172.0,4.0
2001-01-24,2001-01-26,2711.5,2663.0,48.5,2.0
2001-01-30,2001-02-05,2672.0,2425.5,246.5,6.0
2001-02-06,2001-02-14,2547.5,2325.5,222.0,8.0
2001-02-15,2001-02-22,2437.0,1968.0,469.0,7.0
2001-02-26,2001-02-28,2113.0,1881.0,232.0,2.0
2001-03-01,2001-03-05,1973.0,1944.0,29.0,4.0
2001-03-07,2001-03-13,2032.0,1792.5,239.5,6.0
2001-03-14,2001-03-16,1699.5,1669.5,30.0,2.0
2001-03-19,2001-03-21,1759.0,1607.0,152.0,2.0
2001-03-23,2001-03-29,1784.0,1559.0,225.0,6.0
2001-03-30,2001-04-04,1621.5,1361.0,260.5,5.0
2001-04-06,2001-09-07,1437.0,1338.5,98.5,154.0
2001-04-12,2001-04-17,1731.5,1710.0,21.5,5.0
2001-04-19,2001-04-24,1970.0,1765.5,204.5,5.0
2001-04-26,2001-06-18,1770.5,1678.5,92.0,53.0
2001-05-02,2001-05-04,1992.5,1944.0,48.5,2.0
2001-05-08,2001-05-14,1949.0,1777.0,172.0,6.0
2001-05-22,2001-05-24,2028.5,2010.5,18.0,2.0
2001-05-25,2001-05-31,1956.5,1843.0,113.5,6.0
2001-06-01,2001-06-04,1856.5,1820.0,36.5,3.0
2001-06-07,2001-06-18,1964.0,1678.5,285.5,11.0
2001-06-21,2001-06-25,1793.0,1774.5,18.5,4.0
2001-06-29,2001-07-11,1883.5,1661.5,222.0,12.0
2001-07-13,2001-07-19,1797.0,1752.0,45.0,6.0
2001-07-20,2001-07-24,1670.5,1588.5,82.0,4.0
2001-07-27,2001-07-30,1706.5,1671.5,35.0,3.0
2001-08-02,2001-08-10,1775.5,1582.5,193.0,8.0
2001-08-14,2001-08-22,1633.0,1523.5,109.5,8.0
2001-08-27,2001-09-07,1562.5,1338.5,224.0,11.0
2001-09-10,2001-09-21,1380.0,1104.0,276.0,11.0
2001-09-25,2001-09-27,1229.5,1107.5,122.0,2.0
2001-10-05,2001-10-09,1287.5,1245.5,42.0,4.0
2001-10-12,2001-10-30,1337.0,1323.0,14.0,18.0
2001-10-16,2001-10-18,1419.0,1351.0,68.0,2.0
2001-10-26,2001-10-30,1450.0,1323.0,127.0,4.0
2001-11-07,2001-11-09,1510.0,1493.0,17.0,2.0
2001-11-14,2001-11-16,1623.0,1566.0,57.0,2.0
2001-11-19,2001-11-21,1629.0,1527.5,101.5,2.0
2001-11-26,2001-11-28,1623.5,1555.5,68.0,2.0
2001-11-30,2001-12-03,1582.5,1563.0,19.5,3.0
2001-12-06,2001-12-10,1738.0,1642.0,96.0,4.0
2001-12-12,2001-12-14,1685.0,1625.0,60.0,2.0
2001-12-18,2001-12-21,1667.0,1584.5,82.5,3.0
2001-12-28,2002-01-02,1645.5,1618.5,27.0,5.0
2002-01-04,2002-01-14,1704.5,1598.5,106.0,10.0
2002-01-15,2002-01-22,1679.5,1503.0,176.5,7.0
2002-01-25,2002-01-30,1576.5,1543.5,33.0,5.0
2002-01-31,2002-02-07,1561.0,1414.0,147.0,7.0
2002-02-11,2002-02-12,1481.0,1450.0,31.0,1.0
2002-02-14,2002-02-22,1512.0,1375.0,137.0,8.0
2002-02-26,2002-02-28,1382.5,1356.5,26.0,2.0
2002-03-06,2002-03-07,1525.0,1487.5,37.5,1.0
2002-03-11,2002-03-14,1575.0,1475.5,99.5,3.0
2002-03-19,2002-03-21,1529.5,1499.5,30.0,2.0
2002-03-22,2002-03-28,1473.0,1468.0,5.0,6.0
2002-04-01,2002-04-05,1489.5,1378.5,111.0,4.0
2002-04-08,2002-04-12,1405.0,1363.0,42.0,4.0
2002-04-17,2002-04-18,1397.0,1373.5,23.5,1.0
2002-04-19,2002-04-29,1418.0,1231.0,187.0,10.0
2002-05-01,2002-05-07,1234.5,1144.5,90.0,6.0
2002-05-09,2002-05-10,1241.0,1187.5,53.5,1.0
2002-05-16,2002-05-22,1331.0,1271.5,59.5,6.0
2002-05-23,2002-05-29,1292.0,1216.0,76.0,6.0
2002-05-30,2002-06-04,1236.5,1193.5,43.0,5.0
2002-06-05,2002-06-14,1198.5,1114.0,84.5,9.0
2002-06-18,2002-06-21,1171.0,1054.5,116.5,3.0
2002-06-24,2002-06-26,1082.0,1039.5,42.5,2.0
2002-06-28,2002-07-02,1044.5,965.0,79.5,4.0
2002-07-08,2002-07-10,1012.5,962.0,50.5,2.0
2002-07-17,2002-07-23,1066.0,898.5,167.5,6.0
2002-07-24,2002-07-26,953.0,921.0,32.0,2.0
2002-07-30,2002-08-05,995.0,858.0,137.0,6.0
2002-08-08,2002-08-13,951.5,909.0,42.5,5.0
2002-08-19,2002-08-20,1029.5,1002.5,27.0,1.0
2002-08-22,2002-08-28,1055.0,941.5,113.5,6.0
2002-09-11,2002-09-19,942.0,866.5,75.5,8.0
2002-09-20,2002-09-24,884.5,833.5,51.0,4.0
2002-09-26,2002-09-30,863.0,826.0,37.0,4.0
2002-10-02,2002-10-07,846.5,800.5,46.0,5.0
2002-10-08,2002-10-09,831.0,800.0,31.0,1.0
2002-10-23,2002-10-24,993.0,964.5,28.5,1.0
2002-10-28,2002-10-29,975.0,942.5,32.5,1.0
2002-11-15,2002-11-19,1066.5,1019.0,47.5,4.0
2002-11-25,2002-11-26,1135.5,1083.5,52.0,1.0
2002-11-28,2002-11-29,1132.0,1084.0,48.0,1.0
2002-12-02,2002-12-05,1157.5,1051.5,106.0,3.0
2002-12-06,2002-12-10,1075.0,1044.5,30.5,4.0
2002-12-12,2002-12-16,1052.5,1044.0,8.5,4.0
2002-12-17,2002-12-19,1053.5,999.5,54.0,2.0
2002-12-24,2002-12-31,1022.0,979.0,43.0,7.0
2003-01-07,2003-01-08,1085.5,1042.0,43.5,1.0
2003-01-10,2003-01-13,1099.0,1077.5,21.5,3.0
2003-01-14,2003-01-22,1101.0,999.5,101.5,8.0
2003-01-23,2003-01-27,1041.0,980.0,61.0,4.0
2003-01-29,2003-01-31,1025.0,965.0,60.0,2.0
2003-02-03,2003-02-05,998.5,964.5,34.0,2.0
2003-02-06,2003-02-10,980.0,976.0,4.0,4.0
2003-02-11,2003-02-13,990.5,983.5,7.0,2.0
2003-02-18,2003-02-20,1019.5,1000.0,19.5,2.0
2003-02-21,2003-02-27,1021.0,1002.5,18.5,6.0
2003-02-28,2003-03-04,1014.5,982.0,32.5,4.0
2003-03-05,2003-03-11,996.5,957.0,39.5,6.0
2003-03-18,2003-03-19,1086.5,1059.0,27.5,1.0
2003-03-21,2003-03-25,1095.5,1079.0,16.5,4.0
2003-03-26,2003-04-01,1078.5,1035.0,43.5,6.0
2003-04-03,2003-04-11,1082.0,1022.0,60.0,8.0
2003-04-15,2003-04-16,1064.0,1052.5,11.5,1.0
2003-04-23,2003-04-25,1118.0,1082.0,36.0,2.0
2003-04-29,2003-05-01,1129.5,1110.5,19.0,2.0
2003-05-06,2003-05-08,1163.5,1117.5,46.0,2.0
2003-05-13,2003-05-14,1149.5,1141.5,8.0,1.0
2003-05-16,2003-05-21,1147.0,1104.5,42.5,5.0
2003-05-23,2003-05-26,1137.0,1134.5,2.5,3.0
2003-05-30,2003-06-03,1202.5,1202.0,0.5,4.0
2003-06-05,2003-06-09,1235.0,1188.0,47.0,4.0
2003-06-12,2003-06-13,1240.0,1201.0,39.0,1.0
2003-06-18,2003-06-25,1256.0,1188.0,68.0,7.0
2003-06-27,2008-10-27,1199.0,1136.75,62.25,1949.0
2003-07-09,2003-07-10,1287.0,1262.0,25.0,1.0
2003-07-14,2003-07-21,1319.5,1232.0,87.5,7.0
2003-07-23,2003-07-24,1276.5,1252.5,24.0,1.0
2003-07-28,2003-07-30,1288.0,1262.0,26.0,2.0
2003-07-31,2003-08-06,1301.0,1211.5,89.5,6.0
2003-08-07,2003-08-08,1227.0,1204.0,23.0,1.0
2003-08-22,2003-09-30,1305.5,1303.0,2.5,39.0
2003-09-09,2003-09-11,1364.5,1358.5,6.0,2.0
2003-09-12,2003-09-15,1360.0,1345.5,14.5,3.0
2003-09-19,2003-09-26,1401.0,1309.0,92.0,7.0
2003-09-29,2003-09-30,1336.0,1303.0,33.0,1.0
2003-10-07,2003-10-08,1395.5,1377.5,18.0,1.0
2003-10-14,2003-10-15,1425.0,1410.5,14.5,1.0
2003-10-16,2003-10-20,1430.0,1413.0,17.0,4.0
2003-10-21,2003-10-24,1427.5,1378.0,49.5,3.0
2003-11-04,2003-11-11,1426.0,1402.0,24.0,7.0
2003-11-06,2003-11-11,1448.0,1402.0,46.0,5.0
2003-11-13,2003-11-18,1430.0,1360.5,69.5,5.0
2003-11-19,2003-11-21,1384.0,1378.5,5.5,2.0
2003-12-02,2003-12-03,1431.0,1417.5,13.5,1.0
2003-12-04,2003-12-10,1435.5,1395.0,40.5,6.0
2003-12-12,2003-12-15,1404.0,1393.0,11.0,3.0
2003-12-24,2003-12-26,1451.0,1444.0,7.0,2.0
2003-12-30,2004-01-02,1477.0,1460.5,16.5,3.0
2004-01-08,2004-01-09,1531.0,1514.5,16.5,1.0
2004-01-13,2004-02-05,1515.0,1477.0,38.0,23.0
2004-01-20,2004-01-22,1563.0,1532.5,30.5,2.0
2004-01-26,2004-02-05,1556.0,1477.0,79.0,10.0
2004-02-11,2004-02-16,1516.5,1492.0,24.5,5.0
2004-02-18,2004-02-24,1517.0,1452.0,65.0,6.0
2004-02-26,2004-02-27,1482.0,1459.5,22.5,1.0
2004-03-02,2004-03-03,1473.0,1456.5,16.5,1.0
2004-03-05,2004-03-11,1494.5,1395.5,99.0,6.0
2004-03-15,2004-03-23,1400.5,1369.5,31.0,8.0
2004-03-17,2004-03-23,1433.0,1369.5,63.5,6.0
2004-03-30,2004-03-31,1448.0,1434.0,14.0,1.0
2004-04-05,2004-04-07,1511.0,1495.0,16.0,2.0
2004-04-12,2004-04-16,1500.0,1462.5,37.5,4.0
2004-04-19,2004-04-21,1473.5,1454.5,19.0,2.0
2004-04-23,2004-04-30,1501.0,1399.5,101.5,7.0
2004-05-05,2004-05-10,1437.0,1384.0,53.0,5.0
2004-05-11,2004-05-13,1424.5,1405.5,19.0,2.0
2004-05-14,2004-05-17,1393.5,1372.5,21.0,3.0
2004-05-31,2004-06-03,1470.0,1441.5,28.5,3.0
2004-06-08,2004-06-10,1496.5,1485.0,11.5,2.0
2004-06-11,2004-06-14,1474.5,1451.5,23.0,3.0
2004-06-16,2004-06-21,1474.5,1454.5,20.0,5.0
2004-06-25,2004-06-28,1508.5,1488.5,20.0,3.0
2004-06-30,2004-07-02,1528.5,1477.0,51.5,2.0
2004-07-05,2004-07-19,1483.5,1389.5,94.0,14.0
2004-07-20,2004-07-26,1434.5,1360.0,74.5,6.0
2004-08-02,2004-08-09,1410.5,1327.0,83.5,7.0
2004-08-10,2004-08-12,1348.5,1303.0,45.5,2.0
2004-08-18,2004-08-19,1364.5,1345.0,19.5,1.0
2004-08-27,2004-08-31,1395.0,1373.0,22.0,4.0
2004-09-02,2004-09-06,1403.5,1381.5,22.0,4.0
2004-09-07,2004-09-08,1392.0,1374.0,18.0,1.0
2004-09-14,2004-09-16,1436.5,1430.0,6.5,2.0
2004-09-21,2004-09-28,1446.5,1399.0,47.5,7.0
2004-10-06,2004-10-13,1479.5,1428.5,51.0,7.0
2004-10-18,2004-10-20,1461.0,1460.0,1.0,2.0
2004-10-21,2004-10-25,1482.5,1429.5,53.0,4.0
2004-10-28,2004-10-29,1495.5,1477.5,18.0,1.0
2004-11-08,2004-11-10,1535.0,1516.0,19.0,2.0
2004-11-15,2004-11-16,1565.0,1543.5,21.5,1.0
2004-11-18,2004-11-22,1584.5,1572.5,12.0,4.0
2004-11-25,2004-11-30,1593.5,1572.0,21.5,5.0
2004-12-06,2004-12-08,1627.0,1608.5,18.5,2.0
2004-12-09,2004-12-10,1617.0,1599.5,17.5,1.0
2004-12-14,2004-12-20,1633.0,1595.0,38.0,6.0
2004-12-23,2004-12-27,1628.0,1607.0,21.0,4.0
2004-12-29,2005-01-06,1638.5,1561.5,77.0,8.0
2005-01-10,2005-01-11,1564.0,1551.0,13.0,1.0
2005-01-12,2005-01-14,1573.0,1569.5,3.5,2.0
2005-01-18,2005-01-24,1580.5,1484.5,96.0,6.0
2005-01-27,2005-01-28,1517.5,1489.5,28.0,1.0
2005-02-01,2005-02-03,1532.5,1504.5,28.0,2.0
2005-02-07,2005-02-10,1525.5,1499.5,26.0,3.0
2005-02-15,2005-02-23,1565.0,1509.0,56.0,8.0
2005-02-25,2005-03-03,1532.0,1502.5,29.5,6.0
2005-03-02,2005-03-03,1517.0,1502.5,14.5,1.0
2005-03-07,2005-03-17,1555.0,1497.0,58.0,10.0
2005-03-18,2005-03-22,1483.0,1473.0,10.0,4.0
2005-03-24,2005-03-29,1495.0,1465.5,29.5,5.0
2005-03-31,2005-04-01,1485.5,1473.0,12.5,1.0
2005-04-07,2005-04-11,1510.0,1483.0,27.0,4.0
2005-04-12,2005-04-18,1497.5,1400.5,97.0,6.0
2005-04-22,2005-04-28,1417.0,1411.5,5.5,6.0
2005-04-26,2005-04-28,1425.0,1411.5,13.5,2.0
2005-05-09,2005-05-11,1467.0,1465.0,2.0,2.0
2005-05-24,2005-05-25,1544.0,1526.5,17.5,1.0
2005-05-27,2005-05-31,1553.5,1540.0,13.5,4.0
2005-06-02,2005-06-08,1572.0,1524.5,47.5,6.0
2005-06-09,2005-06-13,1544.5,1539.5,5.0,4.0
2005-06-14,2005-06-27,1521.5,1499.5,22.0,13.0
2005-06-17,2005-06-20,1549.0,1537.0,12.0,3.0
2005-06-22,2005-06-27,1538.0,1499.5,38.5,5.0
2005-06-29,2005-07-01,1510.5,1498.0,12.5,2.0
2005-07-06,2006-07-17,1504.5,1486.75,17.75,376.0
2005-07-15,2005-07-18,1591.0,1578.0,13.0,3.0
2005-07-20,2005-07-21,1614.0,1598.5,15.5,1.0
2005-07-28,2005-08-01,1627.5,1609.5,18.0,4.0
2005-08-03,2005-08-08,1635.0,1593.5,41.5,5.0
2005-08-09,2005-08-12,1612.5,1585.5,27.0,3.0
2005-08-15,2005-08-19,1612.5,1576.0,36.5,4.0
2005-08-22,2005-08-24,1593.5,1562.5,31.0,2.0
2005-08-25,2005-08-26,1573.0,1555.0,18.0,1.0
2005-09-01,2005-09-02,1575.0,1573.0,2.0,1.0
2005-09-07,2005-09-15,1592.0,1584.5,7.5,8.0
2005-09-12,2005-09-15,1618.5,1584.5,34.0,3.0
2005-09-19,2005-09-22,1591.5,1583.0,8.5,3.0
2005-09-23,2005-10-07,1589.5,1558.5,31.0,14.0
2005-10-03,2005-10-07,1624.5,1558.5,66.0,4.0
2005-10-10,2005-10-12,1553.0,1525.5,27.5,2.0
2005-10-17,2005-10-18,1559.0,1544.0,15.0,1.0
2005-10-20,2006-06-13,1553.0,1512.0,41.0,236.0
2005-10-25,2005-10-28,1580.5,1565.0,15.5,3.0
2005-11-04,2005-11-07,1638.5,1627.0,11.5,3.0
2005-11-11,2005-11-15,1666.0,1644.0,22.0,4.0
2005-11-23,2005-11-30,1709.0,1673.5,35.5,7.0
2005-12-02,2005-12-05,1712.0,1691.0,21.0,3.0
2005-12-06,2005-12-08,1719.0,1675.0,44.0,2.0
2005-12-13,2005-12-15,1713.5,1687.5,26.0,2.0
2005-12-16,2005-12-20,1699.0,1689.0,10.0,4.0
2005-12-22,2005-12-30,1702.0,1654.0,48.0,8.0
2006-01-11,2006-01-13,1774.0,1749.5,24.5,2.0
2006-01-16,2006-01-18,1764.0,1713.5,50.5,2.0
2006-01-19,2006-01-23,1752.5,1696.0,56.5,4.0
2006-01-24,2006-01-26,1706.0,1704.5,1.5,2.0
2006-01-30,2006-02-07,1730.0,1651.5,78.5,8.0
2006-02-09,2006-02-21,1658.0,1655.0,3.0,12.0
2006-02-16,2006-02-21,1698.0,1655.0,43.0,5.0
2006-02-23,2006-03-07,1673.5,1654.0,19.5,12.0
2006-02-27,2006-03-01,1705.5,1701.0,4.5,2.0
2006-03-02,2006-03-07,1703.5,1654.0,49.5,5.0
2006-03-08,2006-03-10,1671.5,1659.0,12.5,2.0
2006-03-15,2006-03-17,1697.5,1686.5,11.0,2.0
2006-03-21,2006-03-23,1687.5,1677.5,10.0,2.0
2006-03-27,2006-03-28,1705.0,1683.5,21.5,1.0
2006-03-30,2006-04-03,1737.5,1720.0,17.5,4.0
2006-04-06,2006-04-12,1761.25,1713.5,47.75,6.0
2006-04-13,2006-04-17,1734.75,1696.25,38.5,4.0
2006-04-19,2006-04-26,1751.5,1706.25,45.25,7.0
2006-04-28,2006-05-03,1709.0,1687.75,21.25,5.0
2006-05-08,2006-05-18,1728.0,1592.0,136.0,10.0
2006-05-19,2006-05-23,1610.75,1562.25,48.5,4.0
2006-05-26,2006-05-31,1612.25,1591.5,20.75,5.0
2006-06-02,2006-06-13,1601.0,1512.0,89.0,11.0
2006-06-16,2006-06-19,1566.5,1560.75,5.75,3.0
2006-06-21,2006-06-23,1604.5,1560.5,44.0,2.0
2006-06-26,2006-06-28,1579.0,1558.25,20.75,2.0
2006-06-30,2006-07-10,1590.25,1526.25,64.0,10.0
2006-07-04,2006-07-10,1602.5,1526.25,76.25,6.0
2006-07-11,2006-07-17,1549.0,1486.75,62.25,6.0
2006-07-19,2006-07-21,1510.25,1459.75,50.5,2.0
2006-07-26,2006-07-27,1509.5,1484.0,25.5,1.0
2006-07-31,2006-08-01,1509.75,1483.5,26.25,1.0
2006-08-03,2006-08-08,1527.5,1481.75,45.75,5.0
2006-08-10,2006-08-11,1507.25,1485.5,21.75,1.0
2006-08-18,2006-08-24,1585.75,1546.75,39.0,6.0
2006-08-30,2006-08-31,1587.5,1579.0,8.5,1.0
2006-09-05,2006-09-07,1608.25,1561.5,46.75,2.0
2006-09-18,2006-09-19,1644.25,1627.0,17.25,1.0
2006-09-21,2006-09-22,1648.5,1632.5,16.0,1.0
2006-09-27,2006-10-03,1683.25,1663.0,20.25,6.0
2006-10-05,2006-10-06,1706.25,1691.75,14.5,1.0
2006-10-16,2006-10-18,1748.0,1707.25,40.75,2.0
2006-10-19,2006-10-20,1726.25,1706.25,20.0,1.0
2006-10-24,2006-11-03,1717.0,1701.25,15.75,10.0
2006-10-26,2006-10-30,1757.0,1745.75,11.25,4.0
2006-10-31,2006-11-03,1749.75,1701.25,48.5,3.0
2006-11-08,2006-11-10,1765.25,1759.5,5.75,2.0
2006-11-16,2006-11-17,1813.0,1794.0,19.0,1.0
2006-11-23,2006-11-28,1821.0,1786.75,34.25,5.0
2006-11-29,2006-12-01,1800.0,1762.5,37.5,2.0
2006-12-05,2006-12-07,1814.25,1776.25,38.0,2.0
2006-12-11,2006-12-13,1805.0,1794.25,10.75,2.0
2006-12-15,2006-12-26,1825.75,1775.25,50.5,11.0
2006-12-27,2006-12-28,1788.0,1770.0,18.0,1.0
2006-12-29,2007-01-03,1793.25,1747.0,46.25,5.0
2007-01-05,2007-01-23,1785.75,1783.25,2.5,18.0
2007-01-12,2007-01-23,1863.0,1783.25,79.75,11.0
2007-01-25,2007-01-26,1784.75,1773.0,11.75,1.0
2007-01-31,2007-02-01,1808.75,1794.25,14.5,1.0
2007-02-05,2007-02-06,1798.25,1784.75,13.5,1.0
2007-02-08,2007-02-12,1808.75,1781.25,27.5,4.0
2007-02-15,2007-02-16,1832.0,1819.75,12.25,1.0
2007-02-22,2007-03-05,1857.5,1704.75,152.75,11.0
2007-03-08,2007-03-09,1759.75,1735.25,24.5,1.0
2007-03-12,2007-03-14,1760.5,1748.75,11.75,2.0
2007-03-22,2007-03-23,1812.5,1810.75,1.75,1.0
2007-03-26,2007-03-29,1822.25,1770.25,52.0,3.0
2007-04-05,2007-04-09,1831.5,1820.5,11.0,4.0
2007-04-10,2007-04-12,1833.25,1830.0,3.25,2.0
2007-04-17,2007-04-19,1855.0,1831.25,23.75,2.0
2007-04-27,2007-05-01,1907.25,1887.75,19.5,4.0
2007-05-04,2007-05-08,1922.5,1892.0,30.5,4.0
2007-05-09,2007-05-11,1918.75,1911.75,7.0,2.0
2007-05-14,2007-05-15,1886.25,1877.75,8.5,1.0
2007-05-22,2007-05-25,1928.75,1898.0,30.75,3.0
2007-06-04,2007-06-08,1939.75,1909.5,30.25,4.0
2007-06-11,2007-06-12,1902.25,1889.0,13.25,1.0
2007-06-19,2007-06-20,1957.0,1945.25,11.75,1.0
2007-06-21,2007-06-26,1968.0,1923.5,44.5,5.0
2007-06-28,2007-06-29,1967.75,1941.5,26.25,1.0
2007-07-09,2007-07-11,2014.5,2010.0,4.5,2.0
2007-07-19,2007-07-27,2077.75,1960.75,117.0,8.0
2007-07-30,2007-08-01,1996.25,1963.5,32.75,2.0
2007-08-02,2007-08-06,1982.0,1964.75,17.25,4.0
2007-08-08,2007-08-10,2006.75,1906.75,100.0,2.0
2007-08-14,2007-08-16,1910.25,1813.75,96.5,2.0
2007-08-27,2007-08-28,1948.25,1905.5,42.75,1.0
2007-09-04,2007-09-10,2038.5,1947.0,91.5,6.0
2007-09-13,2007-09-17,2008.5,1976.75,31.75,4.0
2007-09-19,2007-09-21,2057.25,2051.25,6.0,2.0
2007-09-27,2007-09-28,2123.0,2103.25,19.75,1.0
2007-10-02,2007-10-03,2125.25,2115.25,10.0,1.0
2007-10-10,2007-10-11,2199.0,2145.75,53.25,1.0
2007-10-15,2007-10-16,2162.0,2161.5,0.5,1.0
2007-10-18,2007-10-22,2210.0,2177.0,33.0,4.0
2007-10-23,2007-10-25,2221.0,2159.25,61.75,2.0
2007-10-31,2007-11-05,2253.0,2191.25,61.75,5.0
2007-11-06,2007-11-12,2236.0,1986.5,249.5,6.0
2007-11-14,2007-11-15,2037.0,2015.5,21.5,1.0
2007-11-20,2007-11-23,2071.75,2037.25,34.5,3.0
2007-11-29,2007-12-04,2114.0,2052.0,62.0,5.0
2007-12-10,2007-12-18,2144.75,2048.75,96.0,8.0
2007-12-26,2008-01-08,2164.25,1921.75,242.5,13.0
2008-01-10,2008-01-23,1982.0,1698.25,283.75,13.0
2008-01-25,2008-02-06,1791.0,1736.5,54.5,12.0
2008-01-29,2008-01-30,1825.0,1796.25,28.75,1.0
2008-02-01,2008-02-06,1879.0,1736.5,142.5,5.0
2008-02-11,2008-02-12,1802.5,1772.75,29.75,1.0
2008-02-14,2008-02-19,1788.0,1762.0,26.0,5.0
2008-02-21,2008-03-03,1764.75,1718.25,46.5,11.0
2008-02-27,2008-03-03,1809.75,1718.25,91.5,5.0
2008-03-05,2008-03-10,1770.75,1674.0,96.75,5.0
2008-03-13,2008-03-17,1761.5,1668.5,93.0,4.0
2008-03-25,2008-03-28,1839.5,1768.0,71.5,3.0
2008-04-04,2008-04-09,1891.25,1820.5,70.75,5.0
2008-04-10,2008-04-15,1870.25,1781.25,89.0,5.0
2008-04-21,2008-04-23,1920.5,1919.25,1.25,2.0
2008-04-25,2008-04-30,1933.75,1916.75,17.0,5.0
2008-04-29,2008-04-30,1947.75,1916.75,31.0,1.0
2008-05-02,2008-05-08,2008.0,1984.0,24.0,6.0
2008-05-13,2008-05-14,2009.0,1995.75,13.25,1.0
2008-05-16,2008-05-23,2041.5,1945.75,95.75,7.0
2008-05-30,2008-06-03,2043.75,1978.75,65.0,4.0
2008-06-05,2008-06-12,2060.25,1956.0,104.25,7.0
2008-06-16,2008-06-18,1992.5,1943.25,49.25,2.0
2008-06-20,2008-06-24,1965.0,1895.0,70.0,4.0
2008-06-25,2008-06-30,1960.75,1842.25,118.5,5.0
2008-07-01,2008-07-03,1872.0,1806.25,65.75,2.0
2008-07-08,2008-07-15,1876.75,1765.25,111.5,7.0
2008-07-17,2008-07-21,1833.0,1813.25,19.75,4.0
2008-07-23,2008-07-28,1870.25,1800.0,70.25,5.0
2008-07-30,2008-08-04,1866.75,1801.75,65.0,5.0
2008-08-12,2008-08-13,1961.0,1923.75,37.25,1.0
2008-08-15,2008-08-21,1952.5,1888.25,64.25,6.0
2008-08-22,2008-08-26,1941.25,1876.5,64.75,4.0
2008-08-28,2008-09-09,1924.0,1720.75,203.25,12.0
2008-09-11,2008-09-18,1776.5,1706.25,70.25,7.0
2008-09-19,2008-09-23,1788.75,1647.75,141.0,4.0
2008-09-26,2008-09-30,1684.5,1605.75,78.75,4.0
2008-10-01,2008-10-09,1552.25,1262.5,289.75,8.0
2008-10-14,2008-10-16,1353.25,1330.75,22.5,2.0
2008-10-21,2008-10-27,1280.5,1136.75,143.75,6.0
2008-11-04,2008-11-07,1384.0,1290.0,94.0,3.0
2008-11-10,2008-11-12,1235.5,1161.0,74.5,2.0
2008-11-13,2008-11-17,1243.75,1188.75,55.0,4.0
2008-11-18,2008-11-20,1175.5,1031.25,144.25,2.0
2008-11-28,2008-12-02,1171.25,1136.0,35.25,4.0
2008-12-03,2008-12-04,1166.5,1109.0,57.5,1.0
2008-12-09,2008-12-11,1252.5,1175.5,77.0,2.0
2008-12-12,2008-12-15,1215.0,1166.75,48.25,3.0
2008-12-17,2008-12-18,1203.75,1193.0,10.75,1.0
2008-12-19,2008-12-23,1210.0,1176.25,33.75,4.0
2008-12-26,2008-12-29,1191.0,1156.25,34.75,3.0
2009-01-06,2009-01-14,1287.0,1155.25,131.75,8.0
2009-01-16,2009-01-21,1201.0,1185.0,16.0,5.0
2009-01-22,2009-01-23,1146.0,1141.5,4.5,1.0
2009-01-28,2009-01-30,1244.75,1173.75,71.0,2.0
2009-02-09,2009-02-11,1285.5,1206.5,79.0,2.0
2009-02-13,2009-02-19,1226.0,1165.25,60.75,6.0
2009-02-20,2009-02-24,1183.5,1176.75,6.75,4.0
2009-02-25,2009-03-03,1142.0,1068.0,74.0,6.0
2009-03-05,2009-03-09,1072.0,1040.25,31.75,4.0
2009-03-13,2009-03-16,1176.0,1144.0,32.0,3.0
2009-03-19,,1196.0,,,
2009-03-24,2009-03-25,1231.5,1205.25,26.25,1.0
2009-03-27,2009-03-30,1248.0,1203.5,44.5,3.0
2009-04-03,2009-04-07,1318.0,1266.75,51.25,4.0
2009-04-13,2009-04-15,1321.5,1320.0,1.5,2.0
2009-04-17,2009-04-21,1360.75,1330.0,30.75,4.0
2009-04-27,2009-04-28,1383.5,1351.0,32.5,1.0
2009-05-06,2009-05-08,1435.5,1375.75,59.75,2.0
2009-05-11,2009-05-13,1409.75,1338.25,71.5,2.0
2009-05-19,2009-05-22,1410.5,1352.25,58.25,3.0
2009-06-02,2009-06-04,1494.5,1493.75,0.75,2.0
2009-06-05,2009-06-09,1513.0,1509.5,3.5,4.0
2009-06-10,2009-06-16,1473.25,1442.5,30.75,6.0
2009-06-18,2009-06-23,1444.5,1412.0,32.5,5.0
2009-06-29,2009-06-30,1492.5,1465.75,26.75,1.0
2009-07-01,2009-07-08,1496.25,1392.5,103.75,7.0
2009-07-28,2009-07-29,1608.0,1583.75,24.25,1.0
2009-07-31,2009-08-06,1598.5,1593.5,5.0,6.0
2009-08-04,2009-08-06,1632.5,1593.5,39.0,2.0
2009-08-10,2009-08-11,1597.75,1585.75,12.0,1.0
2009-08-13,2009-08-18,1638.5,1588.25,50.25,5.0
2009-08-25,2009-08-27,1655.5,1643.5,12.0,2.0
2009-08-28,2009-09-02,1668.5,1585.25,83.25,5.0
2009-09-18,2009-09-21,1735.0,1733.75,1.25,3.0
2009-09-22,2009-09-25,1741.25,1688.75,52.5,3.0
2009-09-29,2009-10-02,1706.75,1649.75,57.0,3.0
2009-10-12,2009-10-13,1740.5,1720.25,20.25,1.0
2009-10-15,2009-10-16,1754.25,1724.75,29.5,1.0
2009-10-20,2009-10-22,1773.5,1766.25,7.25,2.0
2009-10-23,2009-11-02,1746.75,1687.75,59.0,10.0
2009-11-11,2009-11-20,1792.5,1755.0,37.5,9.0
2009-11-17,2009-11-20,1811.75,1755.0,56.75,3.0
2009-11-24,2009-11-30,1775.75,1775.0,0.75,6.0
2009-12-02,2009-12-03,1806.5,1777.75,28.75,1.0
2009-12-07,2009-12-08,1779.0,1760.0,19.0,1.0
2009-12-10,2009-12-11,1808.5,1784.5,24.0,1.0
2009-12-16,2009-12-18,1815.0,1798.0,17.0,2.0
2009-12-28,2009-12-31,1881.5,1858.75,22.75,3.0
2010-01-05,2010-01-07,1876.0,1865.75,10.25,2.0
2010-01-11,2010-01-12,1874.25,1850.0,24.25,1.0
2010-01-14,2010-01-15,1890.25,1854.75,35.5,1.0
2010-01-19,2010-01-26,1895.75,1783.75,112.0,7.0
2010-01-27,2010-02-01,1821.5,1758.25,63.25,5.0
2010-02-03,2010-02-08,1786.5,1730.5,56.0,5.0
2010-02-18,2010-02-19,1824.75,1801.0,23.75,1.0
2010-02-22,2010-02-24,1833.0,1819.75,13.25,2.0
2010-03-03,2010-03-04,1861.25,1860.75,0.5,1.0
2010-03-12,2010-03-16,1935.25,1934.5,0.75,4.0
2010-03-23,2010-03-25,1962.0,1945.75,16.25,2.0
2010-03-30,2010-04-01,1972.0,1940.75,31.25,2.0
2010-04-06,2010-04-08,1985.75,1982.5,3.25,2.0
2010-04-15,2010-04-19,2037.75,2016.5,21.25,4.0
2010-04-23,2010-04-28,2053.5,1989.5,64.0,5.0
2010-04-30,2010-05-07,1998.0,1805.75,192.25,7.0
2010-05-13,2010-05-21,1938.5,1834.0,104.5,8.0
2010-05-24,2010-05-26,1796.0,1788.75,7.25,2.0
2010-05-28,2010-06-01,1835.5,1824.25,11.25,4.0
2010-06-03,2010-06-09,1899.25,1773.75,125.5,6.0
2010-06-18,2010-07-02,1915.75,1710.25,205.5,14.0
2010-07-14,2010-07-19,1838.0,1821.25,16.75,5.0
2010-07-20,2010-07-21,1841.25,1811.0,30.25,1.0
2010-07-27,2010-07-29,1878.25,1838.5,39.75,2.0
2010-08-05,2010-08-06,1891.0,1871.25,19.75,1.0
2010-08-10,2010-08-13,1880.75,1815.25,65.5,3.0
2010-08-17,2010-08-27,1860.5,1794.5,66.0,10.0
2010-08-30,2010-08-31,1768.25,1754.5,13.75,1.0
2010-09-21,2010-10-04,2000.25,1961.0,39.25,13.0
2010-09-28,2010-10-04,2024.5,1961.0,63.5,6.0
2010-10-06,,1990.25,,,
2010-10-18,2010-10-19,2082.75,2051.5,31.25,1.0
2010-10-26,2010-10-29,2122.0,2116.75,5.25,3.0
2010-10-28,2010-10-29,2136.75,2116.75,20.0,1.0
2010-11-05,2010-11-17,2191.0,2109.25,81.75,12.0
2010-11-22,2010-11-23,2155.5,2104.75,50.75,1.0
2010-11-26,2010-11-30,2134.75,2109.25,25.5,4.0
2010-12-02,2010-12-03,2188.75,2167.75,21.0,1.0
2010-12-10,2010-12-13,2218.25,2206.75,11.5,3.0
2010-12-14,2010-12-15,2221.0,2197.0,24.0,1.0
2010-12-22,2010-12-28,2238.25,2221.25,17.0,6.0
2010-12-30,2010-12-31,2221.5,2207.5,14.0,1.0
2011-01-06,2011-01-07,2279.25,2252.0,27.25,1.0
2011-01-18,2011-01-21,2332.5,2265.75,66.75,3.0
2011-01-27,2011-01-31,2334.5,2286.0,48.5,4.0
2011-02-02,2011-02-23,2312.0,2285.0,27.0,21.0
2011-02-08,2011-02-09,2364.0,2350.5,13.5,1.0
2011-02-14,2011-02-15,2387.5,2370.75,16.75,1.0
2011-02-17,2011-02-23,2400.75,2285.0,115.75,6.0
2011-02-28,2011-03-02,2363.0,2341.0,22.0,2.0
2011-03-04,2011-03-07,2344.25,2306.25,38.0,3.0
2011-03-09,2011-03-16,2308.25,2188.5,119.75,7.0
2011-03-25,2011-03-29,2335.0,2324.75,10.25,4.0
2011-03-31,2011-04-01,2341.5,2333.25,8.25,1.0
2011-04-04,2011-04-05,2349.75,2318.25,31.5,1.0
2011-04-07,2011-04-12,2344.25,2285.0,59.25,5.0
2011-04-14,2011-04-18,2287.5,2250.25,37.25,4.0
2011-04-27,2011-05-05,2412.75,2363.5,49.25,8.0
2011-05-10,2011-05-17,2412.0,2346.0,66.0,7.0
2011-05-19,2011-05-24,2373.25,2298.75,74.5,5.0
2011-05-31,2011-06-13,2377.75,2234.0,143.75,13.0
2011-06-14,2011-06-16,2256.25,2180.75,75.5,2.0
2011-06-23,2011-06-24,2253.5,2206.75,46.75,1.0
2011-07-07,2011-07-14,2416.0,2314.5,101.5,7.0
2011-07-26,2011-08-08,2435.5,2031.5,404.0,13.0
2011-08-15,2011-08-19,2211.5,2033.75,177.75,4.0
2011-08-24,2011-08-25,2147.5,2101.0,46.5,1.0
2011-08-31,2011-09-06,2268.5,2171.25,97.25,6.0
2011-09-08,2011-09-12,2205.25,2198.75,6.5,4.0
2011-09-19,2011-09-23,2314.5,2210.25,104.25,4.0
2011-09-27,2011-10-03,2285.25,2062.75,222.5,6.0
2011-10-14,2011-10-17,2369.0,2317.0,52.0,3.0
2011-10-18,2011-10-20,2371.5,2268.5,103.0,2.0
2011-10-24,2011-10-26,2385.75,2350.25,35.5,2.0
2011-10-28,2011-11-02,2401.75,2329.75,72.0,5.0
2011-11-03,2011-11-04,2366.5,2327.0,39.5,1.0
2011-11-08,2011-11-10,2399.5,2286.5,113.0,2.0
2011-11-15,2011-11-25,2374.25,2135.75,238.5,10.0
2011-12-06,2011-12-08,2341.5,2277.75,63.75,2.0
2011-12-09,2011-12-15,2327.0,2219.5,107.5,6.0
2011-12-16,2011-12-19,2249.0,2204.25,44.75,3.0
2011-12-21,,2217.75,,,
2011-12-27,2011-12-29,2296.5,2282.0,14.5,2.0
2012-01-06,2012-01-09,2358.75,2338.5,20.25,3.0
2012-01-12,2012-01-13,2383.0,2348.5,34.5,1.0
2012-01-26,,2440.75,,,
2012-02-09,2012-02-10,2565.0,2535.25,29.75,1.0
2012-02-14,2012-02-15,2577.5,2552.5,25.0,1.0
2012-02-17,2012-05-18,2572.0,2468.0,104.0,91.0
2012-02-28,2012-02-29,2635.0,2614.25,20.75,1.0
2012-03-02,2012-03-06,2632.75,2575.0,57.75,4.0
2012-03-20,2012-03-23,2738.0,2710.75,27.25,3.0
2012-03-27,2012-03-30,2772.0,2740.25,31.75,3.0
2012-04-03,2012-04-05,2791.5,2760.75,30.75,2.0
2012-04-09,2012-04-11,2748.0,2723.75,24.25,2.0
2012-04-12,2012-04-16,2740.25,2656.5,83.75,4.0
2012-04-18,2012-04-24,2694.5,2624.75,69.75,6.0
2012-04-27,2012-05-01,2746.0,2710.5,35.5,4.0
2012-05-02,2012-05-09,2732.0,2584.25,147.75,7.0
2012-05-11,2012-05-18,2597.5,2468.0,129.5,7.0
2012-05-23,2012-05-25,2552.25,2518.25,34.0,2.0
2012-05-30,2012-06-04,2520.25,2480.25,40.0,5.0
2012-06-08,2012-06-12,2564.25,2551.75,12.5,4.0
2012-06-13,2012-06-28,2519.5,2503.5,16.0,15.0
2012-06-20,2012-06-26,2628.25,2551.75,76.5,6.0
2012-06-27,2012-06-28,2571.5,2503.5,68.0,1.0
2012-07-05,2012-07-12,2655.75,2516.5,139.25,7.0
2012-07-19,2012-07-25,2658.0,2516.75,141.25,6.0
2012-07-30,2012-08-02,2628.25,2600.0,28.25,3.0
2012-08-07,2012-08-08,2723.0,2700.75,22.25,1.0
2012-08-13,2012-08-14,2729.75,2720.75,9.0,1.0
2012-08-20,2012-08-21,2784.25,2761.5,22.75,1.0
2012-08-22,2012-08-24,2789.75,2785.25,4.5,2.0
2012-08-27,2012-08-30,2776.5,2750.25,26.25,3.0
2012-09-04,2012-09-05,2782.75,2757.0,25.75,1.0
2012-09-07,2012-09-11,2817.0,2777.75,39.25,4.0
2012-09-17,2012-09-20,2845.75,2842.75,3.0,3.0
2012-09-19,2012-09-20,2872.0,2842.75,29.25,1.0
2012-09-21,2012-09-26,2877.5,2762.25,115.25,5.0
2012-09-28,2012-10-01,2788.75,2777.75,11.0,3.0
2012-10-04,2012-10-12,2830.0,2707.25,122.75,8.0
2012-10-17,2012-10-25,2778.75,2640.25,138.5,8.0
2012-10-26,2012-10-31,2669.25,2631.75,37.5,5.0
2012-11-02,2012-11-08,2641.0,2568.5,72.5,6.0
2012-11-06,2012-11-08,2691.75,2568.5,123.25,2.0
2012-11-12,2012-11-15,2572.0,2512.75,59.25,3.0
2012-11-26,2012-11-27,2650.75,2636.5,14.25,1.0
2012-11-30,2012-12-05,2689.75,2623.0,66.75,5.0
2012-12-07,2012-12-14,2629.5,2620.0,9.5,7.0
2012-12-12,2012-12-14,2668.0,2620.0,48.0,2.0
2012-12-19,2012-12-28,2688.5,2582.5,106.0,9.0
2013-01-03,2013-01-04,2719.0,2711.25,7.75,1.0
2013-01-07,2013-01-08,2722.75,2698.5,24.25,1.0
2013-01-11,2013-01-15,2744.5,2705.25,39.25,4.0
2013-01-17,2013-01-18,2752.0,2722.5,29.5,1.0
2013-01-23,2013-01-25,2768.75,2739.5,29.25,2.0
2013-01-29,2013-01-31,2747.0,2723.75,23.25,2.0
2013-02-01,2013-02-05,2764.0,2759.25,4.75,4.0
2013-02-06,2013-02-21,2733.0,2699.5,33.5,15.0
2013-02-11,2013-02-12,2763.5,2758.75,4.75,1.0
2013-02-14,2013-02-15,2775.0,2754.25,20.75,1.0
2013-02-19,2013-02-21,2786.0,2699.5,86.5,2.0
2013-02-22,2013-02-26,2739.0,2718.25,20.75,4.0
2013-02-28,2013-04-18,2732.5,2724.0,8.5,49.0
2013-03-11,2013-03-13,2812.25,2787.75,24.5,2.0
2013-03-15,2013-03-19,2811.5,2755.25,56.25,4.0
2013-03-21,2013-04-05,2761.25,2737.5,23.75,15.0
2013-04-02,2013-04-05,2823.0,2737.5,85.5,3.0
2013-04-11,2013-04-15,2858.5,2771.25,87.25,4.0
2013-04-16,2013-04-18,2834.25,2724.0,110.25,2.0
2013-04-30,2013-05-01,2884.25,2862.25,22.0,1.0
2013-05-06,2013-05-07,2954.0,2937.25,16.75,1.0
2013-05-15,2013-05-16,3007.5,2996.0,11.5,1.0
2013-05-21,2013-05-24,3036.75,2963.5,73.25,3.0
2013-05-29,2013-06-06,2978.25,2954.0,24.25,8.0
2013-06-10,2013-06-12,3004.0,2919.5,84.5,2.0
2013-06-18,2013-06-25,3002.5,2873.75,128.75,7.0
2013-07-05,2013-07-08,2971.25,2948.75,22.5,3.0
2013-07-15,2013-07-16,3076.5,3063.75,12.75,1.0
2013-07-17,2013-07-19,3086.5,3030.5,56.0,2.0
2013-07-22,2013-07-23,3055.25,3023.5,31.75,1.0
2013-08-05,2013-08-07,3128.0,3090.75,37.25,2.0
2013-08-09,2013-08-16,3107.0,3068.25,38.75,7.0
2013-08-13,2013-08-16,3148.0,3068.25,79.75,3.0
2013-08-20,2013-08-21,3097.0,3059.25,37.75,1.0
2013-08-26,2013-08-28,3147.25,3084.75,62.5,2.0
2013-08-29,2013-09-03,3109.0,3076.0,33.0,5.0
2013-09-10,2013-09-12,3189.25,3170.25,19.0,2.0
2013-09-13,2013-09-16,3182.5,3163.0,19.5,3.0
2013-09-20,2013-09-25,3251.5,3195.75,55.75,5.0
2013-09-27,2013-09-30,3203.0,3178.25,24.75,3.0
2013-10-02,2013-10-03,3221.0,3189.25,31.75,1.0
2013-10-07,2013-10-09,3201.75,3110.75,91.0,2.0
2013-10-22,2013-10-23,3377.25,3322.25,55.0,1.0
2013-10-30,2013-11-01,3401.75,3357.5,44.25,2.0
2013-11-05,2013-11-08,3390.5,3363.0,27.5,3.0
2013-11-15,2013-11-20,3421.25,3358.5,62.75,5.0
2013-12-02,2013-12-03,3476.75,3466.25,10.5,1.0
2013-12-09,2013-12-12,3524.75,3455.5,69.25,3.0
2013-12-16,2013-12-17,3495.25,3460.75,34.5,1.0
2013-12-19,2014-01-29,3482.5,3454.25,28.25,41.0
2013-12-26,2013-12-30,3583.75,3556.0,27.75,4.0
2013-12-31,2014-01-06,3594.75,3505.75,89.0,6.0
2014-01-08,2014-01-09,3569.5,3535.5,34.0,1.0
2014-01-10,2014-01-13,3572.0,3492.5,79.5,3.0
2014-01-16,2014-01-17,3594.0,3574.25,19.75,1.0
2014-01-22,2014-01-29,3629.5,3454.25,175.25,7.0
2014-01-31,2014-02-05,3479.25,3412.0,67.25,5.0
2014-02-18,2014-02-20,3684.75,3677.0,7.75,2.0
2014-02-25,2014-02-26,3697.25,3662.5,34.75,1.0
2014-02-28,2014-03-03,3665.0,3637.0,28.0,3.0
2014-03-05,2014-03-07,3732.5,3685.75,46.75,2.0
2014-03-10,2014-03-14,3712.0,3625.75,86.25,4.0
2014-03-18,2014-03-20,3708.5,3705.5,3.0,2.0
2014-03-21,2014-03-27,3718.0,3535.25,182.75,6.0
2014-04-02,2014-04-07,3668.5,3474.5,194.0,5.0
2014-04-09,2014-04-11,3594.25,3431.5,162.75,2.0
2014-04-22,2014-04-25,3588.5,3516.5,72.0,3.0
2014-05-01,2014-05-08,3605.5,3518.5,87.0,7.0
2014-05-13,2014-05-15,3603.5,3540.25,63.25,2.0
2014-05-19,2014-05-20,3617.5,3584.5,33.0,1.0
2014-05-30,2014-06-03,3740.5,3735.75,4.75,4.0
2014-06-10,2014-06-12,3803.0,3751.5,51.5,2.0
2014-06-16,2014-06-17,3790.5,3769.75,20.75,1.0
2014-06-25,2014-06-26,3823.5,3822.0,1.5,1.0
2014-07-03,2014-07-10,3918.0,3831.5,86.5,7.0
2014-07-14,2014-07-15,3930.75,3880.0,50.75,1.0
2014-07-16,2014-07-18,3941.0,3935.75,5.25,2.0
2014-07-24,2014-07-25,3963.5,3937.5,26.0,1.0
2014-07-30,2014-08-01,3983.0,3847.5,135.5,2.0
2014-08-05,2014-08-07,3851.75,3840.75,11.0,2.0
2014-08-11,2014-08-12,3917.75,3883.25,34.5,1.0
2014-08-26,2014-08-28,4075.75,4054.5,21.25,2.0
2014-09-02,2014-09-04,4096.0,4056.25,39.75,2.0
2014-09-08,2014-09-10,4105.0,4096.25,8.75,2.0
2014-09-11,2014-09-15,4060.0,4018.25,41.75,4.0
2014-09-19,2014-09-23,4127.75,4027.5,100.25,4.0
2014-09-24,2014-09-29,4090.0,3998.0,92.0,5.0
2014-09-30,2014-10-02,4064.75,3927.75,137.0,2.0
2014-10-06,2014-10-07,3996.25,3948.0,48.25,1.0
2014-10-08,2014-10-13,4041.75,3792.5,249.25,5.0
2014-10-14,2014-10-16,3852.75,3684.0,168.75,2.0
2014-11-03,2014-11-05,4173.75,4133.75,40.0,2.0
2014-11-14,2014-11-17,4225.75,4191.5,34.25,3.0
2014-11-19,2014-12-16,4204.25,4084.25,120.0,27.0
2014-11-28,2014-12-02,4348.0,4314.75,33.25,4.0
2014-12-05,2014-12-16,4326.75,4084.25,242.5,11.0
2014-12-23,2015-01-06,4274.75,4082.0,192.75,14.0
2014-12-26,2015-01-06,4322.0,4082.0,240.0,11.0
2015-01-09,2015-01-15,4181.0,4066.0,115.0,6.0
2015-01-26,2015-01-28,4278.25,4119.5,158.75,2.0
2015-01-30,2015-08-24,4136.0,3908.25,227.75,206.0
2015-02-03,2015-02-04,4222.75,4187.5,35.25,1.0
2015-02-06,2015-02-09,4209.75,4201.5,8.25,3.0
2015-02-24,2015-02-25,4455.75,4429.25,26.5,1.0
2015-03-02,2015-03-04,4483.25,4419.25,64.0,2.0
2015-03-05,2015-03-11,4464.75,4304.25,160.5,6.0
2015-03-12,2015-03-13,4339.5,4288.25,51.25,1.0
2015-03-20,2015-03-26,4467.25,4270.0,197.25,6.0
2015-03-30,2015-04-02,4381.75,4288.5,93.25,3.0
2015-04-10,2015-04-14,4416.0,4366.75,49.25,4.0
2015-04-16,2015-04-17,4398.0,4324.0,74.0,1.0
2015-04-27,2015-04-30,4509.25,4386.5,122.75,3.0
2015-05-04,2015-05-06,4503.5,4341.5,162.0,2.0
2015-05-11,2015-05-12,4426.75,4374.5,52.25,1.0
2015-05-21,2015-05-26,4536.5,4455.0,81.5,5.0
2015-05-28,2015-06-02,4547.5,4480.75,66.75,5.0
2015-06-03,2015-06-09,4540.75,4390.25,150.5,6.0
2015-06-11,2015-06-15,4512.25,4394.25,118.0,4.0
2015-06-23,2015-06-30,4548.75,4412.25,136.5,7.0
2015-07-02,2015-07-09,4441.5,4331.75,109.75,7.0
2015-07-20,2015-07-27,4686.0,4503.5,182.5,7.0
2015-07-30,2015-08-04,4598.75,4543.5,55.25,5.0
2015-08-05,2015-08-07,4629.0,4480.5,148.5,2.0
2015-08-11,2015-08-24,4485.5,3908.25,577.25,13.0
2015-08-13,2015-08-24,4508.75,3908.25,600.5,11.0
2015-08-17,2015-08-24,4567.75,3908.25,659.5,7.0
2015-08-28,2015-09-01,4340.75,4118.25,222.5,4.0
2015-09-03,2015-09-04,4219.75,4155.0,64.75,1.0
2015-09-11,2015-09-14,4330.0,4292.25,37.75,3.0
2015-09-16,2015-09-29,4393.0,4040.75,352.25,13.0
2015-10-05,2015-10-06,4329.75,4263.5,66.25,1.0
2015-10-12,2015-10-14,4381.5,4317.5,64.0,2.0
2015-10-19,2015-10-21,4455.5,4394.75,60.75,2.0
2015-10-28,2015-10-30,4678.25,4636.0,42.25,2.0
2015-11-03,2015-11-05,4727.5,4673.75,53.75,2.0
2015-11-06,2015-11-10,4708.75,4612.5,96.25,4.0
2015-11-11,2015-11-16,4625.25,4565.5,59.75,5.0
2015-11-20,2015-11-24,4691.5,4620.0,71.5,4.0
2015-11-27,2015-11-30,4703.25,4653.5,49.75,3.0
2015-12-02,2015-12-03,4678.5,4579.0,99.5,1.0
2015-12-07,2015-12-09,4670.5,4593.25,77.25,2.0
2015-12-10,2015-12-14,4674.5,4579.5,95.0,4.0
2015-12-16,2015-12-21,4674.5,4571.75,102.75,5.0
2015-12-24,2015-12-28,4630.0,4619.5,10.5,4.0
2015-12-30,2016-01-08,4643.5,4255.75,387.75,9.0
2016-01-12,2016-01-21,4345.75,4085.75,260.0,9.0
2016-01-25,2016-02-09,4179.25,3897.5,281.75,15.0
2016-02-01,2016-02-09,4309.25,3897.5,411.75,8.0
2016-02-10,2016-02-12,4041.0,4017.5,23.5,2.0
2016-02-18,,4144.0,,,
2016-02-22,2016-02-24,4234.0,4218.5,15.5,2.0
2016-02-26,2016-02-29,4225.0,4184.5,40.5,3.0
2016-03-02,2016-03-08,4299.25,4251.5,47.75,6.0
2016-03-09,2016-03-10,4299.0,4229.75,69.25,1.0
2016-03-14,2016-03-15,4378.25,4338.0,40.25,1.0
2016-03-18,2016-03-28,4418.25,4381.5,36.75,10.0
2016-03-22,2016-03-28,4440.5,4381.5,59.0,6.0
2016-03-30,2016-03-31,4510.25,4462.25,48.0,1.0
2016-04-04,2016-04-05,4495.25,4456.5,38.75,1.0
2016-04-06,2016-04-11,4537.75,4446.0,91.75,5.0
2016-04-14,2016-04-15,4530.5,4523.0,7.5,1.0
2016-04-18,2016-04-29,4561.25,4296.75,264.5,11.0
2016-05-03,2016-05-05,4319.5,4292.5,27.0,2.0
2016-05-10,2016-05-13,4398.75,4303.75,95.0,3.0
2016-05-17,2016-05-19,4308.0,4280.75,27.25,2.0
2016-05-31,2016-06-01,4528.25,4502.75,25.5,1.0
2016-06-02,2016-06-03,4533.0,4478.75,54.25,1.0
2016-06-07,2016-06-16,4511.25,4429.0,82.25,9.0
2016-06-21,2016-06-22,4415.75,4391.0,24.75,1.0
2016-06-23,2016-06-27,4479.25,4167.75,311.5,4.0
2016-07-01,2016-07-06,4446.25,4440.5,5.75,5.0
2016-07-12,2016-07-13,4582.0,4558.5,23.5,1.0
2016-07-14,2016-07-15,4608.25,4550.25,58.0,1.0
2016-07-28,2016-07-29,4732.0,4709.0,23.0,1.0
2016-08-01,2016-08-03,4760.25,4729.25,31.0,2.0
2016-08-15,2016-08-17,4835.25,4809.75,25.5,2.0
2016-08-18,2016-08-19,4814.0,4785.0,29.0,1.0
2016-08-23,2016-08-25,4836.75,4768.25,68.5,2.0
2016-08-29,2016-08-31,4805.75,4751.5,54.25,2.0
2016-09-06,2016-09-12,4831.5,4772.0,59.5,6.0
2016-09-13,2016-11-04,4699.25,4651.25,48.0,52.0
2016-09-16,2016-09-20,4828.75,4820.5,8.25,4.0
2016-09-22,2016-09-26,4892.25,4807.5,84.75,4.0
2016-09-28,2016-09-29,4873.25,4812.5,60.75,1.0
2016-10-03,2016-10-04,4842.75,4836.25,6.5,1.0
2016-10-06,2016-10-13,4845.5,4754.5,91.0,7.0
2016-10-19,2016-10-21,4840.25,4814.75,25.5,2.0
2016-10-25,2016-10-28,4873.5,4786.5,87.0,3.0
2016-10-31,2016-11-04,4830.0,4651.25,178.75,4.0
2016-11-09,2016-11-14,4837.5,4672.75,164.75,5.0
2016-11-22,2016-11-25,4884.75,4870.0,14.75,3.0
2016-11-29,2016-12-02,4897.75,4759.0,138.75,3.0
2016-12-09,2016-12-12,4897.5,4852.5,45.0,3.0
2016-12-14,2016-12-30,4910.25,4850.0,60.25,16.0
2016-12-20,2016-12-22,4963.25,4917.0,46.25,2.0
2016-12-27,2016-12-30,4994.5,4850.0,144.5,3.0
2017-01-11,2017-01-12,5048.25,4990.25,58.0,1.0
2017-01-17,,5025.0,,,
2017-01-20,2017-01-23,5083.0,5069.75,13.25,3.0
2017-01-27,2017-01-31,5167.5,5083.25,84.25,4.0
2017-02-22,2017-02-24,5355.5,5344.5,11.0,2.0
2017-02-27,2017-02-28,5352.5,5317.0,35.5,1.0
2017-03-02,2017-03-07,5356.25,5341.5,14.75,5.0
2017-03-13,2017-03-14,5396.5,5360.0,36.5,1.0
2017-03-16,2017-03-22,5440.0,5376.25,63.75,6.0
2017-03-30,2017-04-03,5451.0,5403.25,47.75,4.0
2017-04-05,2017-04-07,5409.0,5382.75,26.25,2.0
2017-04-10,2017-04-13,5443.75,5347.5,96.25,3.0
2017-04-20,2017-04-21,5454.75,5427.5,27.25,1.0
2017-05-02,2017-05-04,5641.75,5634.0,7.75,2.0
2017-05-10,2017-05-11,5658.25,5636.25,22.0,1.0
2017-05-16,2017-05-18,5727.25,5648.5,78.75,2.0
2017-05-26,2017-05-30,5796.5,5778.25,18.25,4.0
2017-06-05,2017-06-07,5891.25,5884.75,6.5,2.0
2017-06-08,2017-06-12,5897.75,5634.5,263.25,4.0
2017-06-14,2017-06-15,5680.0,5633.75,46.25,1.0
2017-06-23,2017-06-27,5815.5,5669.0,146.5,4.0
2017-06-28,2017-07-06,5768.75,5580.0,188.75,8.0
2017-07-20,2017-07-21,5938.5,5890.5,48.0,1.0
2017-07-26,2017-07-28,5958.0,5918.25,39.75,2.0
2017-08-01,2017-08-03,5931.25,5877.25,54.0,2.0
2017-08-07,2017-08-11,5937.75,5845.75,92.0,4.0
2017-08-16,2017-08-21,5949.5,5752.25,197.25,5.0
2017-08-23,2017-08-25,5841.5,5816.5,25.0,2.0
2017-09-01,2017-09-06,5973.25,5965.75,7.5,5.0
2017-09-07,2017-09-08,5981.5,5907.5,74.0,1.0
2017-09-13,2017-09-15,6005.25,5978.25,27.0,2.0
2017-09-19,2017-09-25,6004.75,5842.0,162.75,6.0
2017-10-11,2017-10-12,6086.0,6066.5,19.5,1.0
2017-10-17,2017-10-19,6125.5,6051.25,74.25,2.0
2017-10-23,2017-10-25,6060.5,6011.0,49.5,2.0
2017-10-31,2017-11-01,6258.75,6223.5,35.25,1.0
2017-11-08,2017-11-10,6345.5,6281.0,64.5,2.0
2017-11-13,2017-11-15,6281.0,6230.75,50.25,2.0
2017-11-17,2017-12-04,6308.5,6250.75,57.75,17.0
2017-11-24,2017-11-27,6416.0,6394.75,21.25,3.0
2017-11-28,2017-12-04,6429.5,6250.75,178.75,6.0
2017-12-06,2018-12-24,6307.0,5888.75,418.25,383.0
2017-12-11,2017-12-12,6409.75,6371.75,38.0,1.0
2017-12-18,2017-12-20,6542.0,6463.25,78.75,2.0
2017-12-22,2017-12-27,6467.5,6442.0,25.5,5.0
2017-12-28,2017-12-29,6442.25,6383.25,59.0,1.0
2018-01-08,2018-01-10,6690.75,6628.25,62.5,2.0
2018-01-23,2018-01-25,6981.25,6902.0,79.25,2.0
2018-01-29,2018-01-30,6980.0,6902.75,77.25,1.0
2018-01-31,2018-02-06,6991.0,6677.5,313.5,6.0
2018-02-07,2018-02-09,6532.0,6455.5,76.5,2.0
2018-02-20,2018-02-22,6843.75,6831.5,12.25,2.0
2018-02-26,2018-03-02,7007.5,6823.25,184.25,4.0
2018-03-12,2018-03-14,7158.75,7012.25,146.5,2.0
2018-03-16,2018-03-20,7031.0,6927.75,103.25,4.0
2018-03-21,2018-03-23,6842.25,6519.0,323.25,2.0
2018-03-26,2018-03-28,6779.0,6421.0,358.0,2.0
2018-03-29,2018-04-03,6653.75,6496.75,157.0,5.0
2018-04-05,2018-04-09,6654.5,6618.0,36.5,4.0
2018-04-10,2018-04-11,6651.75,6550.75,101.0,1.0
2018-04-18,2018-04-25,6867.0,6576.25,290.75,7.0
2018-04-27,2018-04-30,6623.0,6595.5,27.5,3.0
2018-05-02,2018-11-20,6625.25,6449.5,175.75,202.0
2018-05-14,2018-05-16,7013.5,6953.5,60.0,2.0
2018-05-17,2018-05-18,6875.0,6862.25,12.75,1.0
2018-05-25,2018-05-30,7003.75,6994.75,9.0,5.0
2018-06-06,2018-06-08,7222.25,7077.75,144.5,2.0
2018-06-15,2018-06-19,7229.25,7157.5,71.75,4.0
2018-06-21,2018-06-28,7226.25,7076.5,149.75,7.0
2018-07-02,2018-07-03,7119.75,7022.25,97.5,1.0
2018-07-10,2018-07-11,7335.5,7204.5,131.0,1.0
2018-07-13,2018-07-16,7414.25,7316.0,98.25,3.0
2018-07-18,2018-07-20,7381.5,7350.75,30.75,2.0
2018-07-26,2018-07-30,7450.0,7166.75,283.25,4.0
2018-08-07,2018-08-08,7486.75,7442.5,44.25,1.0
2018-08-09,2018-08-13,7505.5,7378.25,127.25,4.0
2018-08-14,2018-08-16,7465.0,7434.5,30.5,2.0
2018-08-17,2018-08-20,7407.0,7351.5,55.5,3.0
2018-08-22,2018-08-23,7444.75,7411.25,33.5,1.0
2018-08-31,2018-09-07,7682.25,7393.0,289.25,7.0
2018-09-11,2018-09-12,7524.75,7425.0,99.75,1.0
2018-09-14,2018-09-17,7515.25,7429.5,85.75,3.0
2018-09-24,2018-09-26,7594.0,7577.5,16.5,2.0
2018-10-02,2018-10-08,7630.25,7286.5,343.75,6.0
2018-10-09,2018-10-11,7455.75,7138.0,317.75,2.0
2018-10-12,2018-10-15,7197.75,7060.75,137.0,3.0
2018-10-17,2018-10-19,7221.5,7092.75,128.75,2.0
2018-10-22,2018-10-24,7210.5,6785.75,424.75,2.0
2018-10-26,2018-10-30,6986.5,6849.25,137.25,4.0
2018-11-01,2018-11-05,7079.75,6865.0,214.75,4.0
2018-11-08,2018-11-15,7132.0,6920.5,211.5,7.0
2018-11-16,2018-11-20,6915.0,6449.5,465.5,4.0
2018-12-03,2018-12-07,7139.0,6594.75,544.25,4.0
2018-12-12,2018-12-24,6872.0,5888.75,983.25,12.0
2018-12-27,2018-12-28,6333.0,6243.75,89.25,1.0
2019-01-02,2019-01-03,6409.25,6148.5,260.75,1.0
2019-01-10,2019-01-14,6641.75,6521.5,120.25,4.0
2019-01-18,2019-01-23,6828.25,6724.25,104.0,5.0
2019-01-25,2019-01-29,6810.5,6616.75,193.75,4.0
2019-02-05,2019-02-08,7033.75,6926.25,107.5,3.0
2019-02-20,2019-02-22,7105.0,7101.25,3.75,2.0
2019-02-25,2019-02-28,7168.5,7072.5,96.0,3.0
2019-03-06,2019-03-08,7107.0,7034.0,73.0,2.0
2019-03-14,2019-06-03,7237.75,6941.25,296.5,81.0
2019-03-21,2019-03-25,7541.0,7290.0,251.0,4.0
2019-03-26,2019-03-28,7447.5,7372.5,75.0,2.0
2019-04-03,2019-04-05,7616.25,7612.75,3.5,2.0
2019-04-08,2019-04-09,7629.25,7578.75,50.5,1.0
2019-04-12,2019-04-15,7665.0,7598.75,66.25,3.0
2019-04-24,2019-04-26,7852.75,7845.5,7.25,2.0
2019-04-29,2019-05-02,7805.5,7682.25,123.25,3.0
2019-05-03,2019-05-09,7872.5,7481.0,391.5,6.0
2019-05-10,2019-05-14,7654.5,7459.5,195.0,4.0
2019-05-16,2019-05-21,7641.0,7485.25,155.75,5.0
2019-05-22,2019-05-24,7391.25,7300.5,90.75,2.0
2019-05-28,2019-06-03,7280.25,6941.25,339.0,6.0
2019-06-11,2019-06-12,7492.75,7461.0,31.75,1.0
2019-06-13,2019-06-14,7536.0,7451.5,84.5,1.0
2019-06-24,2019-06-26,7794.25,7719.0,75.25,2.0
2019-07-03,2019-07-08,7892.75,7777.5,115.25,5.0
2019-07-15,2019-07-17,7992.0,7868.0,124.0,2.0
2019-07-18,2019-07-22,7954.75,7936.5,18.25,4.0
2019-07-24,2019-07-26,8051.75,8040.75,11.0,2.0
2019-07-29,2019-08-06,7951.75,7549.0,402.75,8.0
2019-08-09,2019-08-12,7596.75,7534.75,62.0,3.0
2019-08-13,2019-08-15,7789.5,7572.75,216.75,2.0
2019-08-21,2019-08-26,7765.75,7626.0,139.75,5.0
2019-08-27,2020-03-12,7537.0,7128.5,408.5,198.0
2019-08-30,2019-09-03,7646.0,7580.75,65.25,4.0
2019-09-06,2019-09-10,7895.0,7744.25,150.75,4.0
2019-09-12,2019-09-16,7982.75,7776.25,206.5,4.0
2019-09-18,2019-09-20,7906.75,7890.75,16.0,2.0
2019-09-23,2019-09-25,7897.5,7844.25,53.25,2.0
2019-09-26,2019-09-27,7734.75,7641.0,93.75,1.0
2019-10-01,2019-10-03,7691.0,7661.5,29.5,2.0
2019-10-07,2019-10-09,7799.75,7732.0,67.75,2.0
2019-10-16,2019-10-18,7907.5,7835.75,71.75,2.0
2019-10-22,2020-03-09,7837.25,7820.0,17.25,139.0
2019-10-30,2019-10-31,8141.0,8046.0,95.0,1.0
2019-11-05,2019-11-06,8193.25,8161.0,32.25,1.0
2019-11-08,2019-11-11,8264.25,8206.5,57.75,3.0
2019-11-13,2019-11-14,8220.0,8216.25,3.75,1.0
2019-11-19,2019-11-21,8379.0,8308.0,71.0,2.0
2019-11-27,2019-12-03,8458.75,8168.25,290.5,6.0
2019-12-09,2020-03-09,8347.0,7820.0,527.0,91.0
2019-12-27,2019-12-30,8769.0,8691.25,77.75,3.0
2020-01-02,2020-01-06,8901.5,8873.0,28.5,4.0
2020-01-09,2020-01-10,9022.25,8966.25,56.0,1.0
2020-01-14,2020-01-15,9035.0,9023.0,12.0,1.0
2020-01-17,2020-01-21,9189.25,9114.75,74.5,4.0
2020-01-23,2020-01-27,9253.5,8925.5,328.0,4.0
2020-01-30,2020-02-03,9240.0,9155.75,84.25,4.0
2020-02-06,2020-02-07,9464.0,9385.0,79.0,1.0
2020-02-12,2020-02-13,9628.25,9511.25,117.0,1.0
2020-02-19,2020-02-28,9748.75,8574.75,1174.0,9.0
2020-03-02,2020-03-03,8883.25,8511.0,372.25,1.0
2020-03-05,2020-03-09,8610.75,7820.0,790.75,4.0
2020-03-11,2020-03-12,7892.75,7128.5,764.25,1.0
2020-03-13,2020-03-19,7978.0,7521.5,456.5,6.0
2020-03-20,2020-03-24,7649.0,7572.25,76.75,4.0
2020-03-27,,7551.25,,,
2020-03-31,2020-04-02,7747.5,7656.25,91.25,2.0
2020-04-17,2020-04-21,8689.5,8342.0,347.5,4.0
2020-04-27,2020-04-28,8898.0,8654.5,243.5,1.0
2020-04-30,2020-05-04,8856.5,8828.0,28.5,4.0
2020-05-11,2020-05-13,9339.0,8878.25,460.75,2.0
2020-05-21,,9352.0,,,
2020-05-27,,9508.0,,,
2020-06-03,2020-06-04,9728.25,9572.25,156.0,1.0
2020-06-10,2020-06-12,10155.5,9849.25,306.25,2.0
2020-06-23,2020-06-29,10296.25,9997.0,299.25,6.0
2020-07-10,2020-07-16,10847.5,10475.5,372.0,6.0
2020-07-21,2020-07-24,10784.75,10301.0,483.75,3.0
2020-07-30,2020-07-31,10897.25,10691.0,206.25,1.0
2020-08-06,2020-08-11,11271.75,10845.5,426.25,5.0
2020-08-13,2020-08-14,11266.0,11096.0,170.0,1.0
2020-08-18,2020-08-19,11415.25,11299.0,116.25,1.0
2020-09-02,2020-09-08,12465.25,11040.5,1424.75,6.0
2020-09-10,2020-09-11,11088.0,10937.5,150.5,1.0
2020-09-15,2020-09-18,11495.5,11179.25,316.25,3.0
2020-09-22,2020-09-24,11191.0,11011.75,179.25,2.0
2020-10-01,2020-10-06,11599.25,11197.5,401.75,5.0
2020-10-13,2020-10-20,12019.0,11598.5,420.5,7.0
2020-10-21,2020-10-26,11779.25,11343.25,436.0,5.0
2020-10-27,2020-11-02,11623.0,11212.0,411.0,6.0
2020-11-06,2020-11-10,11868.25,11503.25,365.0,4.0
2020-11-17,2020-11-18,11953.75,11861.5,92.25,1.0
2020-11-27,2020-11-30,12307.5,12086.0,221.5,3.0
2020-12-02,2020-12-11,12312.5,12234.25,78.25,9.0
2020-12-08,2020-12-11,12652.5,12234.25,418.25,3.0
2020-12-18,2020-12-22,12823.0,12760.0,63.0,4.0
2020-12-23,2021-01-06,12623.5,12491.25,132.25,14.0
2020-12-29,2021-01-06,12808.25,12491.25,317.0,8.0
2020-12-31,2021-01-06,12896.0,12491.25,404.75,6.0
2021-01-08,2021-01-12,13125.0,12767.25,357.75,4.0
2021-01-14,2021-01-15,12881.0,12743.5,137.5,1.0
2021-01-21,2021-01-22,13423.5,13300.25,123.25,1.0
2021-01-26,2021-02-01,13599.75,13271.5,328.25,6.0
2021-02-08,2021-02-10,13693.0,13516.75,176.25,2.0
2021-02-12,2021-02-23,13820.75,12757.25,1063.5,11.0
2021-02-25,2021-03-04,12764.0,12306.5,457.5,7.0
2021-03-01,2021-03-04,13318.0,12306.5,1011.5,3.0
2021-03-05,2021-03-08,12697.75,12281.75,416.0,3.0
2021-03-12,2021-03-19,12768.25,12732.75,35.5,7.0
2021-03-17,2021-03-19,13283.25,12732.75,550.5,2.0
2021-03-23,2021-03-25,12979.0,12609.75,369.25,2.0
2021-03-29,2021-03-30,12807.5,12776.5,31.0,1.0
2021-04-09,2021-04-12,13841.75,13732.0,109.75,3.0
2021-04-16,2021-04-20,14059.5,13719.25,340.25,4.0
2021-04-21,2021-04-22,13926.5,13701.75,224.75,1.0
2021-04-26,2021-05-05,14039.25,13462.75,576.5,9.0
2021-05-07,2021-05-13,13818.0,13223.75,594.25,6.0
2021-05-14,2021-05-18,13426.25,13178.5,247.75,4.0
2021-05-27,2021-06-01,13620.25,13592.25,28.0,5.0
2021-06-02,2021-06-03,13712.75,13462.25,250.5,1.0
2021-06-07,2021-06-08,13824.0,13741.75,82.25,1.0
2021-06-15,2021-06-16,14009.25,13840.0,169.25,1.0
2021-06-18,2022-01-25,14063.5,13890.0,173.5,221.0
2021-06-29,2021-07-01,14584.75,14471.0,113.75,2.0
2021-07-07,2021-07-09,14883.75,14832.0,51.75,2.0
2021-07-12,2021-07-13,14888.5,14794.5,94.0,1.0
2021-07-14,2021-07-19,14996.0,14445.0,551.0,5.0
2021-07-26,2021-07-28,15134.0,15074.5,59.5,2.0
2021-07-29,2021-08-02,15084.0,14932.25,151.75,4.0
2021-08-05,2021-08-11,15172.5,14963.0,209.5,6.0
2021-08-16,2021-08-18,15139.0,14806.5,332.5,2.0
2021-08-25,2021-08-26,15397.0,15255.25,141.75,1.0
2021-09-02,2021-09-14,15551.75,15351.25,200.5,12.0
2021-09-07,2021-09-14,15708.75,15351.25,357.5,7.0
2021-09-16,2021-09-21,15542.0,15163.25,378.75,5.0
2021-09-24,2021-09-30,15334.25,14670.25,664.0,6.0
2021-10-01,2021-10-05,14818.0,14754.75,63.25,4.0
2021-10-08,2021-10-12,14790.75,14585.5,205.25,4.0
2021-10-21,2021-10-22,15483.75,15273.75,210.0,1.0
2021-11-08,2021-11-11,16394.0,16114.0,280.0,3.0
2021-11-12,2021-11-15,16213.25,16082.25,131.0,3.0
2021-11-19,2021-11-23,16628.5,16118.5,510.0,4.0
2021-11-24,2021-11-26,16368.5,15988.0,380.5,2.0
2021-11-30,2021-12-06,16068.75,15897.25,171.5,6.0
2021-12-08,2021-12-14,16436.75,15738.5,698.25,6.0
2021-12-16,2021-12-20,15800.25,15492.0,308.25,4.0
2021-12-28,2021-12-31,16452.25,16313.75,138.5,3.0
2022-01-03,2022-01-07,16508.0,15510.0,998.0,4.0
2022-01-12,2022-01-25,16009.25,13890.0,2119.25,13.0
2022-01-26,2022-01-28,14639.75,14442.0,197.75,2.0
2022-02-01,2022-02-04,15137.0,14362.75,774.25,3.0
2022-02-09,2022-02-14,15068.0,14394.0,674.0,5.0
2022-02-16,2022-02-23,14668.5,13471.25,1197.25,7.0
2022-02-28,2022-03-02,14292.25,14290.0,2.25,2.0
2022-03-03,2022-03-08,13955.0,13103.25,851.75,5.0
2022-03-10,2022-03-14,13396.25,13015.5,380.75,4.0
2022-03-30,2022-04-01,15012.25,14725.0,287.25,2.0
2022-04-05,2022-04-12,14780.25,13881.25,899.0,7.0
2022-04-13,2022-04-18,14266.5,14002.5,264.0,5.0
2022-04-19,2022-04-27,14242.0,13255.25,986.75,8.0
2022-04-28,2022-05-02,13542.0,13084.5,457.5,4.0
2022-05-04,2022-05-09,13555.25,12135.25,1420.0,5.0
2022-05-10,2022-05-12,12547.0,11689.0,858.0,2.0
2022-05-17,2022-05-20,12578.0,11491.25,1086.75,3.0
2022-05-24,2022-06-14,11576.25,11205.0,371.25,21.0
2022-05-31,2022-06-01,12480.0,12454.75,25.25,1.0
2022-06-03,2022-06-14,12503.0,11205.0,1298.0,11.0
2022-06-07,2022-06-14,12740.25,11205.0,1535.25,7.0
2022-06-15,2022-06-17,11759.25,11130.25,629.0,2.0
2022-06-27,2022-07-01,11994.25,11629.75,364.5,4.0
2022-07-08,2022-07-13,12211.0,11479.25,731.75,5.0
2022-07-21,2022-07-26,12655.25,12072.0,583.25,5.0
2022-07-29,2022-08-02,13012.0,12814.75,197.25,4.0
2022-08-04,2022-08-09,13356.0,12963.25,392.75,5.0
2022-08-15,2022-08-17,13706.0,13406.25,299.75,2.0
2022-08-18,2022-08-23,13575.5,12823.5,752.0,5.0
2022-08-25,2022-08-31,13161.5,12276.25,885.25,6.0
2022-09-01,2022-09-06,12299.5,11930.0,369.5,5.0
2022-09-12,2022-09-16,12773.75,11750.5,1023.25,4.0
2022-09-20,2022-09-26,11828.25,11256.5,571.75,6.0
2022-09-28,2022-09-30,11613.5,11024.25,589.25,2.0
2022-10-05,2022-10-12,11366.5,10805.5,561.0,7.0
2022-10-13,2022-10-14,11142.75,10726.75,416.0,1.0
2022-10-18,2022-10-20,11431.75,11008.0,423.75,2.0
2022-10-25,2022-10-27,11734.0,10921.5,812.5,2.0
2022-10-31,2022-11-03,11367.25,10708.0,659.25,3.0
2022-11-08,2022-11-09,11231.25,10822.25,409.0,1.0
2022-11-16,2022-11-18,11706.5,11607.0,99.5,2.0
2022-11-25,2022-11-29,11766.25,11465.0,301.25,4.0
2022-12-01,2022-12-07,11943.25,11422.5,520.75,6.0
2022-12-13,2022-12-20,12229.5,11043.5,1186.0,7.0
2022-12-21,2022-12-23,11389.75,11143.0,246.75,2.0
2022-12-27,2022-12-28,10896.0,10758.75,137.25,1.0
2022-12-30,2023-01-03,10855.5,10844.75,10.75,4.0
2023-01-04,2023-01-05,11068.5,10805.0,263.5,1.0
2023-01-17,2023-01-19,11685.0,11308.5,376.5,2.0
2023-01-24,2023-01-25,11835.75,11604.5,231.25,1.0
2023-01-27,2023-01-31,12308.5,12156.0,152.5,4.0
2023-02-03,2023-02-06,12551.25,12455.75,95.5,3.0
2023-02-08,2023-02-10,12512.75,12243.25,269.5,2.0
2023-02-15,2023-02-22,12756.5,12034.0,722.5,7.0
2023-02-23,2023-02-27,12261.0,12189.5,71.5,4.0
2023-02-28,2023-03-01,12025.75,11924.75,101.0,1.0
2023-03-06,2023-03-10,12486.25,11795.0,691.25,4.0
2023-03-17,2023-03-20,12636.5,12525.25,111.25,3.0
2023-03-24,2023-03-28,12924.75,12634.25,290.5,4.0
2023-04-03,2023-04-05,13278.75,13006.0,272.75,2.0
2023-04-06,2023-04-12,13191.0,12937.75,253.25,6.0
2023-04-14,2023-04-26,13058.0,12863.75,194.25,12.0
2023-04-19,2023-04-26,13226.75,12863.75,363.0,7.0
2023-04-28,2023-05-04,13336.0,13001.75,334.25,6.0
2023-05-08,2023-05-09,13368.0,13250.5,117.5,1.0
2023-05-11,2023-05-12,13470.25,13310.5,159.75,1.0
2023-05-22,2023-05-24,13946.75,13566.5,380.25,2.0
2023-05-30,2023-05-31,14336.75,14251.25,85.5,1.0
2023-06-05,2023-06-08,14694.75,14526.75,168.0,3.0
2023-06-16,2023-06-21,15324.0,15002.25,321.75,5.0
2023-06-22,2023-06-26,15238.0,14853.5,384.5,4.0
2023-06-28,2023-06-29,15219.0,15028.5,190.5,1.0
2023-07-05,2023-07-10,15432.0,15063.25,368.75,5.0
2023-07-19,2023-07-21,16062.75,15522.25,540.5,2.0
2023-07-25,2023-07-27,15736.25,15511.25,225.0,2.0
2023-07-31,2023-08-04,15917.0,15336.5,580.5,4.0
2023-08-07,2023-08-11,15495.5,15037.25,458.25,4.0
2023-08-15,2023-08-18,15074.75,14609.25,465.5,3.0
2023-08-23,2023-08-25,15356.75,15048.75,308.0,2.0
2023-08-31,2023-09-07,15606.75,15157.5,449.25,7.0
2023-09-11,2023-09-13,15497.5,15424.25,73.25,2.0
2023-09-14,2023-09-22,15517.75,15027.5,490.25,8.0
2023-09-25,2023-09-27,14955.75,14821.5,134.25,2.0
2023-09-28,2023-09-29,14947.5,14811.0,136.5,1.0
2023-10-02,2023-10-04,15046.0,14956.0,90.0,2.0
2023-10-11,2023-10-13,15416.75,15062.25,354.5,2.0
2023-10-16,2023-10-20,15336.75,14645.0,691.75,4.0
2023-10-24,2023-10-27,14948.75,14407.75,541.0,3.0
2023-11-08,2023-11-09,15417.5,15236.75,180.75,1.0
2023-11-15,2023-11-17,15832.25,15825.0,7.25,2.0
2023-11-23,2023-11-24,16086.5,15981.75,104.75,1.0
2023-11-28,2023-11-30,16071.5,15856.0,215.5,2.0
2023-12-01,2023-12-05,16050.0,15961.0,89.0,4.0
2023-12-14,,16418.75,,,
2023-12-19,2023-12-21,17029.5,16970.25,59.25,2.0
2023-12-27,2024-01-04,17133.0,16436.0,697.0,8.0
2024-01-12,2024-01-17,17042.5,16689.25,353.25,5.0
2024-01-25,2024-01-29,17752.0,17716.25,35.75,4.0
2024-01-30,2024-01-31,17467.0,17221.5,245.5,1.0
2024-02-05,2024-02-06,17745.5,17560.75,184.75,1.0
2024-02-12,2024-02-14,17911.25,17887.0,24.25,2.0
2024-02-15,2024-02-21,17968.25,17372.75,595.5,6.0
2024-02-23,2024-02-28,17946.0,17846.25,99.75,5.0
2024-02-27,2024-02-28,18040.25,17846.25,194.0,1.0
2024-03-04,2024-03-06,18234.25,18174.25,60.0,2.0
2024-03-07,2024-03-11,18360.0,17890.5,469.5,4.0
2024-03-13,2024-03-15,18033.25,17831.75,201.5,2.0
2024-03-21,2024-03-26,18709.0,18439.25,269.75,5.0
2024-03-28,2024-04-02,18447.5,18201.5,246.0,5.0
2024-04-03,2024-04-05,18451.75,18408.25,43.5,2.0
2024-04-08,2024-04-10,18237.5,18053.5,184.0,2.0
2024-04-12,2024-04-22,18120.25,17448.0,672.25,10.0
2024-04-29,2024-05-01,17949.0,17399.25,549.75,2.0
2024-05-07,2024-05-09,18266.25,18240.25,26.0,2.0
2024-05-16,2024-05-17,18633.25,18545.0,88.25,1.0
2024-05-21,2024-05-23,18808.75,18621.5,187.25,2.0
2024-05-28,2024-05-31,18980.5,18668.25,312.25,3.0
2024-06-06,2024-06-07,19017.25,18940.0,77.25,1.0
